sr.no,VehicleNo
1,RJ06GD6726
2,RJ06GD1748
3,RJ06GD5343
4,RJ06GD5348
5,UP85ET7845
6,UP85ET7863
7,UP85FT2575
8,UP85FT2588
9,UP85AG0751
10,UP85AG0753
11,UP85AG0754
12,UP85AG0758
13,UP85AG0768
14,UP85AG0769
15,UP85AG0771
16,UP85AG0772
17,UP85AG0788
18,UP85AG0790
19,UP85AG0791
20,UP85AG0792
21,UP85AG0794
22,UP85AG0797
23,UP85AG0801
24,UP85AG0884
25,UP85AG0888
26,UP85AG0890
27,UP85AG0891
28,UP85AG0720
29,UP85AG0970
30,UP85AG26941
31,UP85AG0665
32,UP85AG0767
33,UP14KT5415
34,DL51EV0233
35,DL51GD9539
36,UP14PT7727
37,UP14PT7751
38,UP14PT7936
39,UP14PT7997
40,UP14PT7998
41,UP14PT8096
42,UP14PT8097
43,UP14PT8105
44,UP85ET7835
45,UP85ET7861
46,UP14PT7999
47,UP14KT5688
48,DL51EV9425
49,UP85AG0912
50,UP85AG0914
51,UP14MT7636
52,UP85ET7833
53,UP85ET7842
54,TMP0026943
55,UP85AG0664
56,UP85AG0666
57,UP85AG0671
58,UP85AG0672
59,UP85AG0673
60,UP85AG0678
61,UP85AG0684
62,UP85AG0764
63,UP85AG0766
64,UP85AG0773
65,UP85AG0775
66,UP85AG0776
67,UP85AG0793
68,UP85AG0802
69,UP85AG0889
70,UP85AG0872
71,UP85DT1206
72,UP85AG0951
73,UP85AG0953
74,UP85AG0786
75,UP85AG0716
76,UP85AG0717
77,UP85AG0718
78,UP85AG0719
79,RJ06GD6750
80,UP14PT7720
81,UP14PT7948
82,UP85ET7858
83,DL51EV0215
84,UP85AG0774
85,UP14PT7724
86,UP14PT7726
87,UP14PT7747
88,UP85AG0950
89,RJ06GD6728
90,UP16EF4980
91,DL51GD9113
92,DL51GD9401
93,DL51GD9528
94,DL51EV0260
95,DL51EV0265
96,DL51EV0209
97,DL51GD0277
98,DL51GD9441
99,DL51GD9456
100,DL51GD9464
101,DL51GD9465
102,DL51GD9569
103,DL51GD9579
104,DL5TGD9454
105,UP16RT3801
106,UP16RT3802
107,UP16RT3803
108,UP16RT3804
109,UP16RT3805
110,UP16RT3806
111,UP16RT3807
112,UP16RT3808
113,UP16RT3810
114,UP16RT3811
115,UP16RT3813
116,UP16RT3814
117,UP16RT3815
118,UP16RT3816
119,UP16RT3817
120,UP16RT3818
121,UP16RT3819
122,UP16RT3820
123,UP16RT3821
124,UP16RT3822
125,UP16RT3825
126,UP16RT3826
127,UP16RT3827
128,UP16RT3828
129,UP16RT3829
130,UP16RT3830
131,UP16RT3831
132,UP16RT3832
133,UP16RT3833
134,UP16RT3834
135,UP16RT3849
136,UP16RT3850
137,UP16RT3851
138,UP16RT3852
139,UP16RT3853
140,UP16RT3854
141,UP16RT3855
142,UP16RT3856
143,UP16RT3857
144,UP16RT3858
145,UP16RT3862
146,UP16RT3863
147,UP16RT3978
148,UP16RT3979
149,UP16RT3980
150,UP16RT3981
151,UP16RT3982
152,UP16RT3983
153,UP16RT3984
154,UP16RT3985
155,RJ06GD1770
156,RJ06GD5309
157,UP14MT7638
158,UP14NT1038
159,UP14PT7714
160,UP14PT7717
161,UP14PT7718
162,UP14PT7719
163,UP14PT7728
164,UP14PT7749
165,UP14PT7750
166,UP14PT7752
167,UP14PT7753
168,UP14PT7754
169,UP14PT7945
170,UP14PT7946
171,UP14PT7949
172,UP14PT7950
173,UP14PT7951
174,UP14PT7952
175,UP14PT7993
176,UP14PT7996
177,UP14PT8010
178,UP14PT8095
179,UP14PT8106
180,UP14PT8107
181,UP85ET7830
182,UP85ET7831
183,UP85ET7832
184,UP85ET7834
185,UP85ET7836
186,UP85ET7837
187,UP85ET7838
188,UP85ET7839
189,UP85ET7840
190,UP85ET7841
191,UP85ET7843
192,UP85ET7844
193,UP85ET7846
194,UP85ET7847
195,UP85ET7848
196,UP85ET7849
197,UP85ET7850
198,UP85ET7851
199,UP85ET7852
200,UP85ET7853
201,UP85ET7854
202,UP85ET7855
203,UP85ET7856
204,UP85ET7857
205,UP85ET7859
206,UP85ET7862
207,UP85ET7864
208,UP85ET7866
209,UP85ET7867
210,UP85FT2574
211,UP85FT2577
212,UP85FT2579
213,UP85FT2580
214,UP85FT2581
215,UP85FT2582
216,UP85FT2583
217,UP85FT2584
218,UP85FT2585
219,UP85AG0668
220,UP85AG0674
221,UP85AG0679
222,UP85AG0685
223,UP85AG0752
224,UP85AG0755
225,UP85AG0756
226,UP85AG0757
227,UP85AG0759
228,UP85AG0760
229,UP85AG0761
230,UP85AG0762
231,UP85AG0763
232,UP85AG0765
233,UP85AG0770
234,UP85AG0777
235,UP85AG0778
236,UP85AG0779
237,UP85AG0780
238,UP85AG0785
239,UP85AG0787
240,UP85AG0789
241,UP85AG0795
242,UP85AG0796
243,UP85AG0798
244,UP85AG0799
245,UP85AG0800
246,UP85AG0803
247,UP85AG0804
248,UP85AG0880
249,UP85AG0881
250,UP85AG0882
251,UP85AG0883
252,UP85AG0885
253,UP85AG0886
254,UP85AG0887
255,UP85AG0892
256,UP85AG0893
257,UP85AG0894
258,UP85AG0948
259,UP85AG0949
260,UP85AG0952
261,UP85AG0955
262,UP85AG0956
263,UP85AG0957
264,UP85AG0958
265,UP85AG0959
266,UP85AG0960
267,UP85AG0961
268,UP85AG0962
269,UP85AG0963
270,UP85AG0964
271,UP85AG0965
272,UP85AG0966
273,UP85AG0968
274,UP85AG0969
275,DL51GD9414
276,DL51GD9597
277,DL1LAP6014
278,UP14PT7715
279,UP14PT7748
280,UP14PT7938
281,UP85AG0954
282,UP14KT5651
283,UP14KT5653
284,UP14KT5684
285,UP14KT5694
286,UP14KT5768
287,UP14KT6086
288,UP14KT6092
289,UP14KT6113
290,ACENEWJCB
291,2652(3820)
292,2680(3874)
293,2704(1151)
294,DL51LY1326
295,HR28-C-3004
296,AR02B7854
297,AR02B7984
298,AR02B7857
299,RJ05RE1568
300,RJ05RE1569
301,UP14GT8766
302,UP14JT1660
303,UP14JT2868
304,UP14NT8170
305,UP14RT3308
306,UP14RT9469
307,UP14ST1581
308,UP84AH3583
309,UP85AG0438
310,UP85AG0344
311,UP85AG0435
312,UP85AG0741
313,UP85AG0742
314,UP85AT3748
315,UP85AT3750
316,UP85AT4021
317,UP85AT4022
318,UP85AT4023
319,UP85AT4024
320,UP85AT4025
321,MH3EP8698
322,UP85AG0650
323,UP85AG0651
324,UP85AG0687
325,UP85AG0712
326,UP85AG0722
327,UP85AG0723
328,UP85AG0724
329,UP85AG0725
330,UP85AG0726
331,UP85AG0727
332,UP85AG0729
333,UP85AG0738
334,UP85AG0743
335,UP85AG0744
336,UP85AG0746
337,UP85AG0747
338,UP85AG0816
339,UP85AG0817
340,UP85AG0818
341,UP85AG0819
342,UP85AG0820
343,UP85AG0821
344,UP85AG0822
345,UP85AG0823
346,UP85AG0824
347,UP85AG0825
348,UP85AG0830
349,UP85AG0832
350,UP85AG0834
351,UP85AG0835
352,UP85AG0841
353,UP85AG0842
354,UP85AG0848
355,UP85AG0849
356,UP85AG0850
357,UP85AG0851
358,UP85AG0875
359,UP85AG0876
360,UP85AG0877
361,UP85AG0879
362,UP85AG1005
363,UP85CA3767
364,UP85CB4756
365,UP85CJ6810
366,UP85CN1278
367,UP85CT4671
368,UP85CT3893
369,UP85CX2569
370,UP85DC5773
371,UP85H8780
372,UP86AS1975
373,UP86P9705
374,UPNEW1354
375,WATER FOGAR
376,UP85CR0616
377,UP85AM5464
378,UP85AG0631
379,HR44P8222
